{
  "bug": {
    "precision": 0.998003992015968,
    "recall": 1.0,
    "f1-score": 0.999000999000999
  },
  "feature": {
    "precision": 1.0,
    "recall": 0.998,
    "f1-score": 0.998998998998999
  },
  "question": {
    "precision": 1.0,
    "recall": 1.0,
    "f1-score": 1.0
  },
  "average": {
    "precision": 0.9993346640053227,
    "recall": 0.9993333333333333,
    "f1-score": 0.999333332666666
  },
  "overall": {
    "bug": {
      "precision": 0.998003992015968,
      "recall": 1.0,
      "f1-score": 0.999000999000999
    },
    "feature": {
      "precision": 1.0,
      "recall": 0.998,
      "f1-score": 0.998998998998999
    },
    "question": {
      "precision": 1.0,
      "recall": 1.0,
      "f1-score": 1.0
    },
    "average": {
      "precision": 0.9993346640053227,
      "recall": 0.9993333333333333,
      "f1-score": 0.999333332666666
    }
  }
}